abarth-124,abarth,124
abarth-500,abarth,500
abarth-595,abarth,595
abarth-695,abarth,695
abarth-punto,abarth,PUNTO
abarth-spider,abarth,SPIDER
aixam-crossline,aixam,CROSSLINE
aixam-crossover,aixam,CROSSOVER
alfa-romeo-147,alfa-romeo,147
alfa-romeo-156,alfa-romeo,156
alfa-romeo-159,alfa-romeo,159
alfa-romeo-166,alfa-romeo,166
alfa-romeo-4c,alfa-romeo,4C
alfa-romeo-brera,alfa-romeo,BRERA
alfa-romeo-giulia,alfa-romeo,GIULIA
alfa-romeo-giulietta,alfa-romeo,GIULIETTA
alfa-romeo-giullia,alfa-romeo,GIULLIA
alfa-romeo-gt,alfa-romeo,GT
alfa-romeo-gtv,alfa-romeo,GTV
alfa-romeo-junior,alfa-romeo,JUNIOR
alfa-romeo-mito,alfa-romeo,MITO
alfa-romeo-spider,alfa-romeo,SPIDER
alfa-romeo-stelvio,alfa-romeo,STELVIO
alpine-a110,alpine,A110
aston-martin-cygnet,aston-martin,CYGNET
aston-martin-db11,aston-martin,DB11
aston-martin-db5,aston-martin,DB5
aston-martin-db6,aston-martin,DB6
aston-martin-db7,aston-martin,DB7
aston-martin-db9,aston-martin,DB9
aston-martin-db9o,aston-martin,DB9O
aston-martin-dbs,aston-martin,DBS
aston-martin-dbx,aston-martin,DBX
aston-martin-rapide,aston-martin,RAPIDE
aston-martin-v12-vanquish,aston-martin,V12 VANQUISH
aston-martin-v8,aston-martin,V8
aston-martin-vanquish,aston-martin,VANQUISH
aston-martin-vanquish-v12,aston-martin,VANQUISH V12
aston-martin-vantage,aston-martin,VANTAGE
aston-martin-virage,aston-martin,VIRAGE
aston-martin-volante,aston-martin,VOLANTE
audi-100,audi,100
audi-80,audi,80
audi-90,audi,90
audi-a1,audi,A1
audi-a2,audi,A2
audi-a3,audi,A3
audi-a4,audi,A4
audi-a5,audi,A5
audi-a6,audi,A6
audi-a7,audi,A7
audi-a8,audi,A8
audi-allroad,audi,ALLROAD
audi-cabriolet,audi,CABRIOLET
audi-coupe,audi,COUPE
audi-e-tron,audi,E-TRON
audi-q2,audi,Q2
audi-q3,audi,Q3
audi-q5,audi,Q5
audi-q7,audi,Q7
audi-q8,audi,Q8
audi-quattro,audi,QUATTRO
audi-r8,audi,R8
audi-rio,audi,RIO
audi-rs3,audi,RS3
audi-rs4,audi,RS4
audi-rs5,audi,RS5
audi-rs6,audi,RS6
audi-rs7,audi,RS7
audi-rsq3,audi,RSQ3
audi-rsq8,audi,RSQ8
audi-s1,audi,S1
audi-s3,audi,S3
audi-s4,audi,S4
audi-s5,audi,S5
audi-s6,audi,S6
audi-s7,audi,S7
audi-s8,audi,S8
audi-sq2,audi,SQ2
audi-sq5,audi,SQ5
audi-sq7,audi,SQ7
audi-sq8,audi,SQ8
audi-tt,audi,TT
audi-ttrs,audi,TTRS
audi-tts,audi,TTS
austin-1100,austin,1100
austin-1300,austin,1300
austin-1800,austin,1800
austin-a30,austin,A30
austin-a35,austin,A35
austin-a40,austin,A40
austin-a50,austin,A50
austin-a55,austin,A55
austin-a60,austin,A60
austin-allegro,austin,ALLEGRO
austin-healey,austin,HEALEY
austin-maxi,austin,MAXI
austin-metro,austin,METRO
austin-mini,austin,MINI
austin-morris-mini,austin-morris,MINI
austin-seven,austin,SEVEN
austin-sprite,austin,SPRITE
bentley-arnage,bentley,ARNAGE
bentley-azure,bentley,AZURE
bentley-bentayga,bentley,BENTAYGA
bentley-brooklands,bentley,BROOKLANDS
bentley-continental,bentley,CONTINENTAL
bentley-flying-spur,bentley,FLYING SPUR
bentley-mulsanne,bentley,MULSANNE
bentley-turbo,bentley,TURBO
bmw-1-series,bmw,1 SERIES
bmw-2-series,bmw,2 SERIES
bmw-2002,bmw,2002
bmw-3-0-cs,bmw,3.0 CS
bmw-3-series,bmw,3 SERIES
bmw-4-series,bmw,4 SERIES
bmw-5-series,bmw,5 SERIES
bmw-6-series,bmw,6 SERIES
bmw-7-series,bmw,7 SERIES
bmw-8-series,bmw,8 SERIES
bmw-alpina,bmw,ALPINA
bmw-ci,bmw,CI
bmw-i3,bmw,I3
bmw-i8,bmw,I8
bmw-m-coupe,bmw,M COUPE
bmw-m-roadster,bmw,M ROADSTER
bmw-m1,bmw,M1
bmw-m2,bmw,M2
bmw-m3,bmw,M3
bmw-m4,bmw,M4
bmw-m5,bmw,M5
bmw-m6,bmw,M6
bmw-m7-series,bmw,M7 SERIES
bmw-m8,bmw,M8
bmw-x1,bmw,X1
bmw-x2,bmw,X2
bmw-x3,bmw,X3
bmw-x4,bmw,X4
bmw-x5,bmw,X5
bmw-x6,bmw,X6
bmw-x7,bmw,X7
bmw-z3,bmw,Z3
bmw-z4,bmw,Z4
buick-riviera,buick,RIVIERA
cadillac-bls,cadillac,BLS
cadillac-cts,cadillac,CTS
chevrolet-aveo,chevrolet,AVEO
chevrolet-camaro,chevrolet,CAMARO
chevrolet-captiva,chevrolet,CAPTIVA
chevrolet-corvette,chevrolet,CORVETTE
chevrolet-cruze,chevrolet,CRUZE
chevrolet-epica,chevrolet,EPICA
chevrolet-gmc-belair,chevrolet-gmc,BELAIR
chevrolet-gmc-camaro,chevrolet-gmc,CAMARO
chevrolet-gmc-corvette,chevrolet-gmc,CORVETTE
chevrolet-gmc-impala,chevrolet-gmc,IMPALA
chevrolet-kalos,chevrolet,KALOS
chevrolet-lacetti,chevrolet,LACETTI
chevrolet-matiz,chevrolet,MATIZ
chevrolet-orlando,chevrolet,ORLANDO
chevrolet-spark,chevrolet,SPARK
chevrolet-tacuma,chevrolet,TACUMA
chevrolet-trax,chevrolet,TRAX
chevrolet-volt,chevrolet,VOLT
chrysler-300,chrysler,300
chrysler-300c,chrysler,300C
chrysler-crossfire,chrysler,CROSSFIRE
chrysler-delta,chrysler,DELTA
chrysler-grand-voyager,chrysler,GRAND VOYAGER
chrysler-neon,chrysler,NEON
chrysler-pt-cruiser,chrysler,PT CRUISER
chrysler-sebring,chrysler,SEBRING
chrysler-voyager,chrysler,VOYAGER
chrysler-ypsilon,chrysler,YPSILON
citroen-2cv,citroen,2CV
citroen-ami,citroen,AMI
citroen-ax,citroen,AX
citroen-berlingo,citroen,BERLINGO
citroen-bx,citroen,BX
citroen-c-crosser,citroen,C-CROSSER
citroen-c-zero,citroen,C-ZERO
citroen-c1,citroen,C1
citroen-c2,citroen,C2
citroen-c3,citroen,C3
citroen-c4,citroen,C4
citroen-c5,citroen,C5
citroen-c6,citroen,C6
citroen-c8,citroen,C8
citroen-cx,citroen,CX
citroen-dispatch,citroen,DISPATCH
citroen-ds21,citroen,DS21
citroen-ds23,citroen,DS23
citroen-ds3,citroen,DS3
citroen-ds4,citroen,DS4
citroen-ds5,citroen,DS5
citroen-dyane,citroen,DYANE
citroen-nemo,citroen,NEMO
citroen-pluriel,citroen,PLURIEL
citroen-relay,citroen,RELAY
citroen-saxo,citroen,SAXO
citroen-spacetourer,citroen,SPACETOURER
citroen-synergie,citroen,SYNERGIE
citroen-xantia,citroen,XANTIA
citroen-xm,citroen,XM
citroen-xsara,citroen,XSARA
citroen-zx,citroen,ZX
coleman-milne-norwood,coleman-milne,NORWOOD
coleman-milne-rosedale,coleman-milne,ROSEDALE
cupra-formentor,cupra,FORMENTOR
dacia-duster,dacia,DUSTER
dacia-logan,dacia,LOGAN
dacia-sandero,dacia,SANDERO
daewoo-kalos,daewoo,KALOS
daewoo-lacetti,daewoo,LACETTI
daewoo-lanos,daewoo,LANOS
daewoo-matiz,daewoo,MATIZ
daewoo-musso,daewoo,MUSSO
daewoo-nubira,daewoo,NUBIRA
daewoo-tacuma,daewoo,TACUMA
daihatsu-charade,daihatsu,CHARADE
daihatsu-copen,daihatsu,COPEN
daihatsu-cuore,daihatsu,CUORE
daihatsu-fourtrak,daihatsu,FOURTRAK
daihatsu-grand-move,daihatsu,GRAND MOVE
daihatsu-materia,daihatsu,MATERIA
daihatsu-sirion,daihatsu,SIRION
daihatsu-sportrak,daihatsu,SPORTRAK
daihatsu-terios,daihatsu,TERIOS
daihatsu-yrv,daihatsu,YRV
daimler-4-0,daimler,4.0
daimler-4-2,daimler,4.2
daimler-conquest,daimler,CONQUEST
daimler-double-six,daimler,DOUBLE SIX
daimler-limousine,daimler,LIMOUSINE
daimler-six,daimler,SIX
daimler-sovereign,daimler,SOVEREIGN
daimler-sp-250,daimler,SP 250
daimler-v8,daimler,V8
datsun-240,datsun,240
datsun-260,datsun,260
dmc-delorean,dmc,DELOREAN
dodge-avenger,dodge,AVENGER
dodge-caliber,dodge,CALIBER
dodge-journey,dodge,JOURNEY
dodge-nitro,dodge,NITRO
ds-ds3,ds,DS3
ds-ds4,ds,DS4
ds-ds5,ds,DS5
ds-ds7,ds,DS7
ds3-parthenon,ds,DS3 PARTHENON
ferrari-360,ferrari,360
ferrari-458,ferrari,458
ferrari-488,ferrari,488
ferrari-599,ferrari,599
ferrari-612,ferrari,612
ferrari-812,ferrari,812
ferrari-california,ferrari,CALIFORNIA
ferrari-f12,ferrari,F12
ferrari-f430,ferrari,F430
ferrari-f8,ferrari,F8
ferrari-ff,ferrari,FF
ferrari-gtc4,ferrari,GTC4
ferrari-portofino,ferrari,PORTOFINO
fiat-124,fiat,124
fiat-126,fiat,126
fiat-500,fiat,500
fiat-500l,fiat,500L
fiat-500x,fiat,500X
fiat-600,fiat,600
fiat-850,fiat,850
fiat-barchetta,fiat,BARCHETTA
fiat-brava,fiat,BRAVA
fiat-bravo,fiat,BRAVO
fiat-cinquecento,fiat,CINQUECENTO
fiat-coupe,fiat,COUPE
fiat-croma,fiat,CROMA
fiat-doblo,fiat,DOBLO
fiat-ducato,fiat,DUCATO
fiat-fiorino,fiat,FIORINO
fiat-idea,fiat,IDEA
fiat-multipla,fiat,MULTIPLA
fiat-panda,fiat,PANDA
fiat-punto,fiat,PUNTO
fiat-qubo,fiat,QUBO
fiat-scudo,fiat,SCUDO
fiat-sedici,fiat,SEDICI
fiat-seicento,fiat,SEICENTO
fiat-stilo,fiat,STILO
fiat-talento,fiat,TALENTO
fiat-tipo,fiat,TIPO
fiat-ulysse,fiat,ULYSSE
fiat-uno,fiat,UNO
fiat-x1-9,fiat,X1/9
ford-allied,ford,ALLIED
ford-anglia,ford,ANGLIA
ford-b-max,ford,B-MAX
ford-c-max,ford,C-MAX
ford-capri,ford,CAPRI
ford-cardinal-hearse,ford,CARDINAL HEARSE
ford-classic,ford,CLASSIC
ford-consul,ford,CONSUL
ford-corsair,ford,CORSAIR
ford-cortina,ford,CORTINA
ford-cougar,ford,COUGAR
ford-dorchester,ford,DORCHESTER
ford-ecosport,ford,ECOSPORT
ford-edge,ford,EDGE
ford-escort,ford,ESCORT
ford-explorer,ford,EXPLORER
ford-fiesa,ford,FIESA
ford-fiesta,ford,FIESTA
ford-focus,ford,FOCUS
ford-freedom,ford,FREEDOM
ford-fusion,ford,FUSION
ford-galaxy,ford,GALAXY
ford-granada,ford,GRANADA
ford-grand-c-max,ford,GRAND C-MAX
ford-independence,ford,INDEPENDENCE
ford-journey,ford,JOURNEY
ford-ka,ford,KA
ford-ka-,ford,KA+
ford-kuga,ford,KUGA
ford-maverick,ford,MAVERICK
ford-mondeo,ford,MONDEO
ford-mondeo-titanium,ford,MONDEO TITANIUM
ford-mustang,ford,MUSTANG
ford-orion,ford,ORION
ford-popular,ford,POPULAR
ford-prefect,ford,PREFECT
ford-probe,ford,PROBE
ford-puma,ford,PUMA
ford-s-max,ford,S-MAX
ford-scorpio,ford,SCORPIO
ford-sierra,ford,SIERRA
ford-streetka,ford,STREETKA
ford-thunderbird,ford,THUNDERBIRD
ford-tourneo,ford,TOURNEO
ford-transit,ford,TRANSIT
ford-transit-connect,ford,TRANSIT CONNECT
ford-transit-courier,ford,TRANSIT COURIER
ford-transit-custom,ford,TRANSIT CUSTOM
ford-zephyr,ford,ZEPHYR
ford-zodiac,ford,ZODIAC
hillman-avenger,hillman,AVENGER
hillman-hunter,hillman,HUNTER
hillman-husky,hillman,HUSKY
hillman-imp,hillman,IMP
hillman-minx,hillman,MINX
honda-accord,honda,ACCORD
honda-civic,honda,CIVIC
honda-concerto,honda,CONCERTO
honda-cr-v,honda,CR-V
honda-cr-z,honda,CR-Z
honda-crf450x,honda,CRF450X
honda-crv,honda,CRV
honda-crx,honda,CRX
honda-e,honda,E
honda-fr-v,honda,FR-V
honda-hr-v,honda,HR-V
honda-insight,honda,INSIGHT
honda-integra,honda,INTEGRA
honda-jazz,honda,JAZZ
honda-legend,honda,LEGEND
honda-logo,honda,LOGO
honda-nsx,honda,NSX
honda-odyssey,honda,ODYSSEY
honda-prelude,honda,PRELUDE
honda-s2000,honda,S2000
honda-shuttle,honda,SHUTTLE
honda-stepwagon,honda,STEPWAGON
honda-stream,honda,STREAM
humber-hawk,humber,HAWK
humber-sceptre,humber,SCEPTRE
humber-snipe,humber,SNIPE
hyundai-accent,hyundai,ACCENT
hyundai-amica,hyundai,AMICA
hyundai-atoz,hyundai,ATOZ
hyundai-coupe,hyundai,COUPE
hyundai-elantra,hyundai,ELANTRA
hyundai-getz,hyundai,GETZ
hyundai-i10,hyundai,I10
hyundai-i20,hyundai,I20
hyundai-i30,hyundai,I30
hyundai-i40,hyundai,I40
hyundai-i800,hyundai,I800
hyundai-ioniq,hyundai,IONIQ
hyundai-ix20,hyundai,IX20
hyundai-ix35,hyundai,IX35
hyundai-kona,hyundai,KONA
hyundai-lantra,hyundai,LANTRA
hyundai-matrix,hyundai,MATRIX
hyundai-santa-fe,hyundai,SANTA FE
hyundai-sonata,hyundai,SONATA
hyundai-terracan,hyundai,TERRACAN
hyundai-trajet,hyundai,TRAJET
hyundai-tucson,hyundai,TUCSON
hyundai-veloster,hyundai,VELOSTER
infiniti-ex30,infiniti,EX30
infiniti-fx30,infiniti,FX30
infiniti-fx50,infiniti,FX50
infiniti-g37,infiniti,G37
infiniti-m35h,infiniti,M35H
infiniti-q30,infiniti,Q30
infiniti-q50,infiniti,Q50
infiniti-q60,infiniti,Q60
infiniti-q70,infiniti,Q70
infiniti-qx30,infiniti,QX30
infiniti-qx70,infiniti,QX70
isuzu-trooper,isuzu,TROOPER
iveco-daily,iveco,DAILY
jaguar-240,jaguar,240
jaguar-3-8,jaguar,3.8
jaguar-340,jaguar,340
jaguar-420,jaguar,420
jaguar-e-pace,jaguar,E-PACE
jaguar-e-type,jaguar,E TYPE
jaguar-eagle,jaguar,EAGLE
jaguar-f-pace,jaguar,F-PACE
jaguar-f-type,jaguar,F-TYPE
jaguar-i-pace,jaguar,I-PACE
jaguar-mk-ii,jaguar,MK II
jaguar-mk-ix,jaguar,MK IX
jaguar-mk-vii,jaguar,MK VII
jaguar-s-type,jaguar,S TYPE
jaguar-sovereign,jaguar,SOVEREIGN
jaguar-x-type,jaguar,X TYPE
jaguar-xe-series,jaguar,XE SERIES
jaguar-xf-series,jaguar,XF SERIES
jaguar-xj-series,jaguar,XJ SERIES
jaguar-xk-series,jaguar,XK SERIES
jeep-cherokee,jeep,CHEROKEE
jeep-commander,jeep,COMMANDER
jeep-compass,jeep,COMPASS
jeep-g-cherokee,jeep,G-CHEROKEE
jeep-grand-cherokee,jeep,GRAND CHEROKEE
jeep-patriot,jeep,PATRIOT
jeep-renegade,jeep,RENEGADE
jeep-wrangler,jeep,WRANGLER
jensen-interceptor,jensen,INTERCEPTOR
jensen-jensen-healey,jensen,JENSEN-HEALEY
kia-carens,kia,CARENS
kia-ceed,kia,CEED
kia-cerato,kia,CERATO
kia-magentis,kia,MAGENTIS
kia-niro,kia,NIRO
kia-optima,kia,OPTIMA
kia-picanto,kia,PICANTO
kia-pro-ceed,kia,PRO CEED
kia-rio,kia,RIO
kia-sedona,kia,SEDONA
kia-shuma,kia,SHUMA
kia-sorento,kia,SORENTO
kia-soul,kia,SOUL
kia-sportage,kia,SPORTAGE
kia-stonic,kia,STONIC
kia-stringer,kia,STRINGER
kia-venga,kia,VENGA
kia-xceed,kia,XCEED
lamborghini-aventador,lamborghini,AVENTADOR
lamborghini-gallardo,lamborghini,GALLARDO
lamborghini-huracan,lamborghini,HURACAN
lamborghini-urus,lamborghini,URUS
lancia-beta,lancia,BETA
lancia-delta,lancia,DELTA
lancia-fulvia,lancia,FULVIA
land-rover-109,land-rover,109
land-rover-110,land-rover,110
land-rover-88,land-rover,88
land-rover-90,land-rover,90
land-rover-defender,land-rover,DEFENDER
land-rover-discovery,land-rover,DISCOVERY
land-rover-freelander,land-rover,FREELANDER
land-rover-range-rover,land-rover,RANGE ROVER
lexus-ct-200,lexus,CT 200
lexus-es-300,lexus,ES 300
lexus-gs-250,lexus,GS 250
lexus-gs-300,lexus,GS 300
lexus-gs-450,lexus,GS 450
lexus-gs300,lexus,GS300
lexus-gs430,lexus,GS430
lexus-is-f,lexus,IS F
lexus-is200,lexus,IS200
lexus-is220,lexus,IS220
lexus-is250,lexus,IS250
lexus-is300,lexus,IS300
lexus-lc-500,lexus,LC 500
lexus-ls400,lexus,LS400
lexus-ls430,lexus,LS430
lexus-ls460,lexus,LS460
lexus-ls600,lexus,LS600
lexus-nx200,lexus,NX200
lexus-nx300,lexus,NX300
lexus-rc-300,lexus,RC 300
lexus-rc-f,lexus,RC F
lexus-rx300,lexus,RX300
lexus-rx350,lexus,RX350
lexus-rx400,lexus,RX400
lexus-rx450,lexus,RX450
lexus-rxl450,lexus,RXL450
lexus-sc430,lexus,SC430
lexus-ux-250h,lexus,UX 250H
leyland-cars-mini,leyland-cars,MINI
lotus-eclat,lotus,ECLAT
lotus-elan,lotus,ELAN
lotus-elise,lotus,ELISE
lotus-elite,lotus,ELITE
lotus-esprit,lotus,ESPRIT
lotus-europa,lotus,EUROPA
lotus-evora,lotus,EVORA
lotus-exige,lotus,EXIGE
lotus-seven,lotus,SEVEN
maserati-3200,maserati,3200
maserati-coupe,maserati,COUPE
maserati-ghibli,maserati,GHIBLI
maserati-gran-turismo,maserati,GRAN TURISMO
maserati-grancabrio,maserati,GRANCABRIO
maserati-granturismo,maserati,GRANTURISMO
maserati-levante,maserati,LEVANTE
maserati-quattroporte,maserati,QUATTROPORTE
maserati-spyder,maserati,SPYDER
mazda-121,mazda,121
mazda-2,mazda,2
mazda-3,mazda,3
mazda-323,mazda,323
mazda-5,mazda,5
mazda-6,mazda,6
mazda-626,mazda,626
mazda-cx3,mazda,CX3
mazda-cx30,mazda,CX30
mazda-cx5,mazda,CX5
mazda-cx7,mazda,CX7
mazda-demio,mazda,DEMIO
mazda-eunos,mazda,EUNOS
mazda-mps,mazda,MPS
mazda-mpv,mazda,MPV
mazda-mx-3,mazda,MX-3
mazda-mx-5,mazda,MX-5
mazda-mx-6,mazda,MX-6
mazda-mx5,mazda,MX5
mazda-premacy,mazda,PREMACY
mazda-rx7,mazda,RX7
mazda-rx8,mazda,RX8
mazda-tribute,mazda,TRIBUTE
mazda-xedos,mazda,XEDOS
mcc-smart,mcc,SMART
mclaren-570gt,mclaren,570GT
mclaren-570s,mclaren,570S
mclaren-600lt,mclaren,600LT
mclaren-720s,mclaren,720S
mclaren-mp4,mclaren,MP4
mercedes-190,mercedes,190
mercedes-200,mercedes,200
mercedes-300,mercedes,300
mercedes-400,mercedes,400
mercedes-500,mercedes,500
mercedes-a-class,mercedes,A CLASS
mercedes-amg-class,mercedes,AMG CLASS
mercedes-b-class,mercedes,B CLASS
mercedes-c-class,mercedes,C CLASS
mercedes-cl-class,mercedes,CL CLASS
mercedes-cla-class,mercedes,CLA CLASS
mercedes-clc-class,mercedes,CLC CLASS
mercedes-clk-class,mercedes,CLK CLASS
mercedes-cls-class,mercedes,CLS CLASS
mercedes-e-class,mercedes,E CLASS
mercedes-eqc-class,mercedes,EQC CLASS
mercedes-g-class,mercedes,G CLASS
mercedes-gl-class,mercedes,GL CLASS
mercedes-gla-class,mercedes,GLA CLASS
mercedes-glb-class,mercedes,GLB CLASS
mercedes-glc-class,mercedes,GLC CLASS
mercedes-gle-class,mercedes,GLE CLASS
mercedes-gls-class,mercedes,GLS CLASS
mercedes-ml-class,mercedes,ML CLASS
mercedes-r-class,mercedes,R CLASS
mercedes-s-class,mercedes,S CLASS
mercedes-sl-class,mercedes,SL CLASS
mercedes-slc-class,mercedes,SLC CLASS
mercedes-slk-class,mercedes,SLK CLASS
mercedes-sls-class,mercedes,SLS CLASS
mercedes-sprinter,mercedes,SPRINTER
mercedes-v-class,mercedes,V CLASS
mercedes-vaneo,mercedes,VANEO
mercedes-viano,mercedes,VIANO
mercedes-vito,mercedes,VITO
mg-1100,mg,1100
mg-1300,mg,1300
mg-3,mg,3
mg-5,mg,5
mg-6,mg,6
mg-gs,mg,GS
mg-hs,mg,HS
mg-magnette,mg,MAGNETTE
mg-mg6,mg,MG6
mg-mga,mg,MGA
mg-mgb,mg,MGB
mg-mgc,mg,MGC
mg-mgf,mg,MGF
mg-midget,mg,MIDGET
mg-roadster,mg,ROADSTER
mg-rv8,mg,RV8
mg-td-tf,mg,TD/TF
mg-tf,mg,TF
mg-xs,mg,XS
mg-zr,mg,ZR
mg-zs,mg,ZS
mg-zt,mg,ZT
microcar-m-go,microcar,M-GO
microcar-mc1,microcar,MC1
mini-challenge,mini,CHALLENGE
mini-clubman,mini,CLUBMAN
mini-cooper,mini,COOPER
mini-countryman,mini,COUNTRYMAN
mini-first,mini,FIRST
mini-gt,mini,GT
mini-john-cooper-works,mini,JOHN COOPER WORKS
mini-one,mini,ONE
mini-paceman,mini,PACEMAN
mini-roadster,mini,ROADSTER
mitsubishi-3000,mitsubishi,3000
mitsubishi-asx,mitsubishi,ASX
mitsubishi-carisma,mitsubishi,CARISMA
mitsubishi-challenger,mitsubishi,CHALLENGER
mitsubishi-colt,mitsubishi,COLT
mitsubishi-delica,mitsubishi,DELICA
mitsubishi-eclipse,mitsubishi,ECLIPSE
mitsubishi-galant,mitsubishi,GALANT
mitsubishi-grandis,mitsubishi,GRANDIS
mitsubishi-i-miev,mitsubishi,I MIEV
mitsubishi-lancer,mitsubishi,LANCER
mitsubishi-mirage,mitsubishi,MIRAGE
mitsubishi-outlander,mitsubishi,OUTLANDER
mitsubishi-pajero,mitsubishi,PAJERO
mitsubishi-shogun,mitsubishi,SHOGUN
mitsubishi-space-star,mitsubishi,SPACE STAR
mitsubishi-space-wagon,mitsubishi,SPACE WAGON
morgan-4-4,morgan,4/4
morgan-aero-8,morgan,AERO 8
morgan-plus-4,morgan,PLUS 4
morgan-plus-8,morgan,PLUS 8
morgan-roadster,morgan,ROADSTER
morris-1100,morris,1100
morris-1300,morris,1300
morris-cowley,morris,COWLEY
morris-marina,morris,MARINA
morris-mini,morris,MINI
morris-minor,morris,MINOR
morris-oxford,morris,OXFORD
nissan-100,nissan,100
nissan-200,nissan,200
nissan-300,nissan,300
nissan-350,nissan,350
nissan-370,nissan,370
nissan-almera,nissan,ALMERA
nissan-bluebird,nissan,BLUEBIRD
nissan-cube,nissan,CUBE
nissan-e-nv200,nissan,E-NV200
nissan-gt,nissan,GT
nissan-gt-r,nissan,GT-R
nissan-juke,nissan,JUKE
nissan-leaf,nissan,LEAF
nissan-maxima,nissan,MAXIMA
nissan-micra,nissan,MICRA
nissan-murano,nissan,MURANO
nissan-note,nissan,NOTE
nissan-nv200,nissan,NV200
nissan-nv300,nissan,NV300
nissan-pathfinder,nissan,PATHFINDER
nissan-patrol,nissan,PATROL
nissan-pixo,nissan,PIXO
nissan-primastar,nissan,PRIMASTAR
nissan-primera,nissan,PRIMERA
nissan-pulsar,nissan,PULSAR
nissan-qashqai,nissan,QASHQAI
nissan-serena,nissan,SERENA
nissan-silvia,nissan,SILVIA
nissan-skyline,nissan,SKYLINE
nissan-sunny,nissan,SUNNY
nissan-terrano,nissan,TERRANO
nissan-x-trail,nissan,X-TRAIL
opel-astra,opel,ASTRA
opel-insignia,opel,INSIGNIA
opel-kadett,opel,KADETT
opel-manta,opel,MANTA
opel-zafira,opel,ZAFIRA
perodua-kelisa,perodua,KELISA
perodua-kenari,perodua,KENARI
perodua-myvi,perodua,MYVI
peugeot-1007,peugeot,1007
peugeot-106,peugeot,106
peugeot-107,peugeot,107
peugeot-108,peugeot,108
peugeot-2008,peugeot,2008
peugeot-205,peugeot,205
peugeot-206,peugeot,206
peugeot-207,peugeot,207
peugeot-208,peugeot,208
peugeot-3008,peugeot,3008
peugeot-306,peugeot,306
peugeot-307,peugeot,307
peugeot-308,peugeot,308
peugeot-309,peugeot,309
peugeot-4007,peugeot,4007
peugeot-405,peugeot,405
peugeot-406,peugeot,406
peugeot-407,peugeot,407
peugeot-5008,peugeot,5008
peugeot-508,peugeot,508
peugeot-607,peugeot,607
peugeot-806,peugeot,806
peugeot-807,peugeot,807
peugeot-bipper,peugeot,BIPPER
peugeot-boxer,peugeot,BOXER
peugeot-e7,peugeot,E7
peugeot-expert,peugeot,EXPERT
peugeot-horizon,peugeot,HORIZON
peugeot-independance,peugeot,INDEPENDANCE
peugeot-independence,peugeot,INDEPENDENCE
peugeot-ion,peugeot,ION
peugeot-partner,peugeot,PARTNER
peugeot-premier,peugeot,PREMIER
peugeot-rcz,peugeot,RCZ
peugeot-rifter,peugeot,RIFTER
peugeot-traveller,peugeot,TRAVELLER
polestar-2,polestar,2
pontiac-firebird,pontiac,FIREBIRD
porsche-718,porsche,718
porsche-911,porsche,911
porsche-924,porsche,924
porsche-928,porsche,928
porsche-944,porsche,944
porsche-968,porsche,968
porsche-boxster,porsche,BOXSTER
porsche-carrera,porsche,CARRERA
porsche-cayenne,porsche,CAYENNE
porsche-cayman,porsche,CAYMAN
porsche-gt,porsche,GT
porsche-macan,porsche,MACAN
porsche-panamera,porsche,PANAMERA
porsche-taycan,porsche,TAYCAN
proton-gen-2,proton,GEN 2
proton-impian,proton,IMPIAN
proton-persona,proton,PERSONA
proton-proton,proton,PROTON
proton-satria,proton,SATRIA
proton-savvy,proton,SAVVY
proton-wira,proton,WIRA
reliant-kitten,reliant,KITTEN
reliant-scimitar,reliant,SCIMITAR
renault-19,renault,19
renault-4,renault,4
renault-5,renault,5
renault-avantime,renault,AVANTIME
renault-captur,renault,CAPTUR
renault-clio,renault,CLIO
renault-espace,renault,ESPACE
renault-grand-scenic,renault,GRAND SCENIC
renault-kadjar,renault,KADJAR
renault-kangoo,renault,KANGOO
renault-koleos,renault,KOLEOS
renault-laguna,renault,LAGUNA
renault-master,renault,MASTER
renault-megane,renault,MEGANE
renault-modus,renault,MODUS
renault-scenic,renault,SCENIC
renault-trafic,renault,TRAFIC
renault-twingo,renault,TWINGO
renault-twizy,renault,TWIZY
renault-vel-satis,renault,VEL SATIS
renault-wind-roadster,renault,WIND ROADSTER
renault-zoe,renault,ZOE
reva-g-wiz,reva,G-WIZ
riley-1-5,riley,1.5
riley-2-5,riley,2.5
riley-elf,riley,ELF
riley-kestrel,riley,KESTREL
rolls-royce-cullinan,rolls-royce,CULLINAN
rolls-royce-dawn,rolls-royce,DAWN
rolls-royce-ghost,rolls-royce,GHOST
rolls-royce-phantom,rolls-royce,PHANTOM
rolls-royce-silver-seraph,rolls-royce,SILVER SERAPH
rolls-royce-silver-spirit,rolls-royce,SILVER SPIRIT
rolls-royce-silver-spur,rolls-royce,SILVER SPUR
rolls-royce-wraith,rolls-royce,WRAITH
rover-100-series,rover,100 SERIES
rover-200-series,rover,200 SERIES
rover-2000,rover,2000
rover-25,rover,25
rover-3-5-litre,rover,3.5 LITRE
rover-3-litre,rover,3 LITRE
rover-400-series,rover,400 SERIES
rover-45,rover,45
rover-60,rover,60
rover-600-series,rover,600 SERIES
rover-75,rover,75
rover-80,rover,80
rover-800-series,rover,800 SERIES
rover-90,rover,90
rover-95,rover,95
rover-cityrover,rover,CITYROVER
rover-maestro,rover,MAESTRO
rover-metro,rover,METRO
rover-mini,rover,MINI
rover-range-rover,rover,RANGE ROVER
rover-sd1,rover,SD1
rover-sterling,rover,STERLING
rover-streetwise,rover,STREETWISE
saab-9-3,saab,9-3
saab-9-5,saab,9-5
saab-900,saab,900
saab-9000,saab,9000
saab-96,saab,96
saab-99,saab,99
seat-alhambra,seat,ALHAMBRA
seat-altea,seat,ALTEA
seat-arona,seat,ARONA
seat-arosa,seat,AROSA
seat-ateca,seat,ATECA
seat-cordoba,seat,CORDOBA
seat-exeo,seat,EXEO
seat-ibiza,seat,IBIZA
seat-leon,seat,LEON
seat-mii,seat,MII
seat-tarraco,seat,TARRACO
seat-toledo,seat,TOLEDO
singer-chamois,singer,CHAMOIS
singer-gazelle,singer,GAZELLE
singer-vogue,singer,VOGUE
skoda-citigo,skoda,CITIGO
skoda-fabia,skoda,FABIA
skoda-felicia,skoda,FELICIA
skoda-kamiq,skoda,KAMIQ
skoda-karoq,skoda,KAROQ
skoda-kodiaq,skoda,KODIAQ
skoda-octavia,skoda,OCTAVIA
skoda-rapid,skoda,RAPID
skoda-roomster,skoda,ROOMSTER
skoda-scala,skoda,SCALA
skoda-superb,skoda,SUPERB
skoda-yeti,skoda,YETI
smart-city,smart,CITY
smart-forfour,smart,FORFOUR
smart-fortwo,smart,FORTWO
smart-roadster,smart,ROADSTER
ssangyong-korando,ssangyong,KORANDO
ssangyong-kyron,ssangyong,KYRON
ssangyong-rexton,ssangyong,REXTON
ssangyong-rodius,ssangyong,RODIUS
ssangyong-tivoli,ssangyong,TIVOLI
subaru-brz,subaru,BRZ
subaru-forester,subaru,FORESTER
subaru-impreza,subaru,IMPREZA
subaru-justy,subaru,JUSTY
subaru-legacy,subaru,LEGACY
subaru-levorg,subaru,LEVORG
subaru-outback,subaru,OUTBACK
subaru-tribeca-b9,subaru,TRIBECA B9
subaru-wrx,subaru,WRX
subaru-xv,subaru,XV
sunbeam-alpine,sunbeam,ALPINE
sunbeam-rapier,sunbeam,RAPIER
sunbeam-talbot,sunbeam,TALBOT
sunbeam-tiger,sunbeam,TIGER
suzuki-across,suzuki,ACROSS
suzuki-alto,suzuki,ALTO
suzuki-alto-cruz,suzuki,ALTO CRUZ
suzuki-baleno,suzuki,BALENO
suzuki-cappuccino,suzuki,CAPPUCCINO
suzuki-celerio,suzuki,CELERIO
suzuki-grand-vitara,suzuki,GRAND VITARA
suzuki-ignis,suzuki,IGNIS
suzuki-jimny,suzuki,JIMNY
suzuki-kizashi,suzuki,KIZASHI
suzuki-liana,suzuki,LIANA
suzuki-samurai,suzuki,SAMURAI
suzuki-sj,suzuki,SJ
suzuki-splash,suzuki,SPLASH
suzuki-swace,suzuki,SWACE
suzuki-swift,suzuki,SWIFT
suzuki-sx,suzuki,SX
suzuki-sx4,suzuki,SX4
suzuki-vitara,suzuki,VITARA
suzuki-wagon-r-,suzuki,WAGON R+
suzuki-x-90,suzuki,X-90
talbot-sunbeam,talbot,SUNBEAM
tesla-model-3,tesla,MODEL 3
tesla-model-s,tesla,MODEL S
tesla-model-x,tesla,MODEL X
toyota-4-runner,toyota,4-RUNNER
toyota-auris,toyota,AURIS
toyota-avensis,toyota,AVENSIS
toyota-aygo,toyota,AYGO
toyota-c-hr,toyota,C-HR
toyota-camry,toyota,CAMRY
toyota-carina,toyota,CARINA
toyota-celica,toyota,CELICA
toyota-corolla,toyota,COROLLA
toyota-crown,toyota,CROWN
toyota-estima,toyota,ESTIMA
toyota-granvia,toyota,GRANVIA
toyota-gt86,toyota,GT86
toyota-hiace,toyota,HIACE
toyota-hilux,toyota,HILUX
toyota-iq,toyota,IQ
toyota-landcruiser,toyota,LANDCRUISER
toyota-mirai,toyota,MIRAI
toyota-mr2,toyota,MR2
toyota-paseo,toyota,PASEO
toyota-picnic,toyota,PICNIC
toyota-previa,toyota,PREVIA
toyota-prius,toyota,PRIUS
toyota-prius-,toyota,PRIUS+
toyota-proace,toyota,PROACE
toyota-rav4,toyota,RAV4
toyota-starlet,toyota,STARLET
toyota-supra,toyota,SUPRA
toyota-urban-cruiser,toyota,URBAN CRUISER
toyota-verso,toyota,VERSO
toyota-yaris,toyota,YARIS
triumph-1300,triumph,1300
triumph-1500,triumph,1500
triumph-2-5,triumph,2.5
triumph-2000,triumph,2000
triumph-2500,triumph,2500
triumph-acclaim,triumph,ACCLAIM
triumph-dolomite,triumph,DOLOMITE
triumph-gt6,triumph,GT6
triumph-herald,triumph,HERALD
triumph-spitfire,triumph,SPITFIRE
triumph-stag,triumph,STAG
triumph-toledo,triumph,TOLEDO
triumph-tr2,triumph,TR2
triumph-tr3,triumph,TR3
triumph-tr4,triumph,TR4
triumph-tr5,triumph,TR5
triumph-tr6,triumph,TR6
triumph-tr7,triumph,TR7
triumph-vitesse,triumph,VITESSE
tvr-290,tvr,290
tvr-cerbera,tvr,CERBERA
tvr-chimera,tvr,CHIMERA
tvr-griffith,tvr,GRIFFITH
tvr-t350,tvr,T350
tvr-tamora,tvr,TAMORA
tvr-tuscan,tvr,TUSCAN
vanden-plas-princess,vanden-plas,PRINCESS
vauxhall-adam,vauxhall,ADAM
vauxhall-agila,vauxhall,AGILA
vauxhall-ampera,vauxhall,AMPERA
vauxhall-antara,vauxhall,ANTARA
vauxhall-astra,vauxhall,ASTRA
vauxhall-calibra,vauxhall,CALIBRA
vauxhall-carlton,vauxhall,CARLTON
vauxhall-cascada,vauxhall,CASCADA
vauxhall-cavalier,vauxhall,CAVALIER
vauxhall-chevette,vauxhall,CHEVETTE
vauxhall-combo,vauxhall,COMBO
vauxhall-corsa,vauxhall,CORSA
vauxhall-cresta,vauxhall,CRESTA
vauxhall-crossland,vauxhall,CROSSLAND
vauxhall-frontera,vauxhall,FRONTERA
vauxhall-grandland,vauxhall,GRANDLAND
vauxhall-insignia,vauxhall,INSIGNIA
vauxhall-meriva,vauxhall,MERIVA
vauxhall-mokka,vauxhall,MOKKA
vauxhall-monaro,vauxhall,MONARO
vauxhall-monterey,vauxhall,MONTEREY
vauxhall-movano,vauxhall,MOVANO
vauxhall-nova,vauxhall,NOVA
vauxhall-omega,vauxhall,OMEGA
vauxhall-signum,vauxhall,SIGNUM
vauxhall-tigra,vauxhall,TIGRA
vauxhall-vectra,vauxhall,VECTRA
vauxhall-velox,vauxhall,VELOX
vauxhall-victor,vauxhall,VICTOR
vauxhall-viva,vauxhall,VIVA
vauxhall-vivaro,vauxhall,VIVARO
vauxhall-vx,vauxhall,VX
vauxhall-vx220,vauxhall,VX220
vauxhall-vxr8,vauxhall,VXR8
vauxhall-zafira,vauxhall,ZAFIRA
volkswagen-1200,volkswagen,1200
volkswagen-1300,volkswagen,1300
volkswagen-1303,volkswagen,1303
volkswagen-1500,volkswagen,1500
volkswagen-1600,volkswagen,1600
volkswagen-arteon,volkswagen,ARTEON
volkswagen-beetle,volkswagen,BEETLE
volkswagen-bora,volkswagen,BORA
volkswagen-caddy,volkswagen,CADDY
volkswagen-caddymaxi,volkswagen,CADDYMAXI
volkswagen-california,volkswagen,CALIFORNIA
volkswagen-caravelle,volkswagen,CARAVELLE
volkswagen-cc,volkswagen,CC
volkswagen-corrado,volkswagen,CORRADO
volkswagen-crafter,volkswagen,CRAFTER
volkswagen-eos,volkswagen,EOS
volkswagen-fox,volkswagen,FOX
volkswagen-golf,volkswagen,GOLF
volkswagen-high-up,volkswagen,HIGH UP
volkswagen-id3,volkswagen,ID3
volkswagen-jetta,volkswagen,JETTA
volkswagen-karmann-ghia,volkswagen,KARMANN GHIA
volkswagen-look-up,volkswagen,LOOK UP
volkswagen-lupo,volkswagen,LUPO
volkswagen-move-up,volkswagen,MOVE UP
volkswagen-passat,volkswagen,PASSAT
volkswagen-phaeton,volkswagen,PHAETON
volkswagen-polo,volkswagen,POLO
volkswagen-scirocco,volkswagen,SCIROCCO
volkswagen-sharan,volkswagen,SHARAN
volkswagen-t-cross,volkswagen,T-CROSS
volkswagen-t-roc,volkswagen,T-ROC
volkswagen-tiguan,volkswagen,TIGUAN
volkswagen-touareg,volkswagen,TOUAREG
volkswagen-touran,volkswagen,TOURAN
volkswagen-transporter,volkswagen,TRANSPORTER
volkswagen-up,volkswagen,UP
volkswagen-up-by,volkswagen,UP BY
volkswagen-urban,volkswagen,URBAN
volkswagen-vento,volkswagen,VENTO
volvo-121,volvo,121
volvo-122,volvo,122
volvo-131,volvo,131
volvo-144,volvo,144
volvo-1800,volvo,1800
volvo-240,volvo,240
volvo-340,volvo,340
volvo-440,volvo,440
volvo-480,volvo,480
volvo-740,volvo,740
volvo-760,volvo,760
volvo-850,volvo,850
volvo-940,volvo,940
volvo-960,volvo,960
volvo-c-30,volvo,C 30
volvo-c30,volvo,C30
volvo-c70,volvo,C70
volvo-p1800,volvo,P1800
volvo-s40,volvo,S40
volvo-s60,volvo,S60
volvo-s70,volvo,S70
volvo-s80,volvo,S80
volvo-s90,volvo,S90
volvo-v40,volvo,V40
volvo-v50,volvo,V50
volvo-v60,volvo,V60
volvo-v70,volvo,V70
volvo-v90,volvo,V90
volvo-xc40,volvo,XC40
volvo-xc60,volvo,XC60
volvo-xc70,volvo,XC70
volvo-xc90,volvo,XC90
wolseley-15-50,wolseley,15/50
wolseley-1500,wolseley,1500
wolseley-16-60,wolseley,16/60
wolseley-4-44,wolseley,4/44
wolseley-6-110,wolseley,6/110
wolseley-hornet,wolseley,HORNET